<?xml version="1.0" encoding="UTF-8"?>
<!DOCTYPE bindings PUBLIC "-//NetBeans//DTD Editor KeyBindings settings 1.1//EN" "http://www.netbeans.org/dtds/EditorKeyBindings-1_1.dtd">
<bindings>
    <bind actionName="adjust-window-center" key="O-U$O-L"/>
    <bind actionName="adjust-window-center" key="O-L"/>
    <bind actionName="annotations-cycling" key="SO-C"/>
    <bind actionName="caret-backward" key="LEFT"/>
    <bind actionName="caret-backward" key="O-B"/>
    <bind actionName="caret-backward" key="KP_LEFT"/>
    <bind actionName="caret-begin" key="O-X$OPEN_BRACKET"/>
    <bind actionName="caret-begin" key="SO-COMMA"/>
    <bind actionName="caret-begin" key="ESCAPE$S-COMMA"/>
    <bind actionName="caret-begin" key="O-HOME"/>
    <bind actionName="caret-begin-line" key="HOME"/>
    <bind actionName="caret-down" key="DOWN"/>
    <bind actionName="caret-down" key="KP_DOWN"/>
    <bind actionName="caret-down" key="O-N"/>
    <bind actionName="caret-end" key="ESCAPE$S-PERIOD"/>
    <bind actionName="caret-end" key="O-X$CLOSE_BRACKET"/>
    <bind actionName="caret-end" key="SO-PERIOD"/>
    <bind actionName="caret-end" key="O-END"/>
    <bind actionName="caret-end-line" key="END"/>
    <bind actionName="caret-end-line" key="O-E"/>
    <bind actionName="caret-forward" key="RIGHT"/>
    <bind actionName="caret-forward" key="O-F"/>
    <bind actionName="caret-line-first-column" key="O-A"/>
    <bind actionName="caret-next-word" key="O-RIGHT"/>
    <bind actionName="caret-next-word" key="D-F"/>
    <bind actionName="caret-previous-word" key="D-B"/>
    <bind actionName="caret-previous-word" key="O-LEFT"/>
    <bind actionName="caret-up" key="UP"/>
    <bind actionName="caret-up" key="O-P"/>
    <bind actionName="caret-up" key="KP_UP"/>
    <bind actionName="collapse-all-folds" key="SO-SUBTRACT"/>
    <bind actionName="collapse-fold" key="O-MINUS"/>
    <bind actionName="collapse-fold" key="O-SUBTRACT"/>
    <bind actionName="comment" key="O-C$O-C"/>
    <bind actionName="completion-show" key="O-SPACE"/>
    <bind actionName="copy-to-clipboard" key="D-C"/>
    <bind actionName="copy-to-clipboard" key="O-INSERT"/>
    <bind actionName="copy-to-clipboard" key="COPY"/>
    <bind actionName="cut-to-clipboard" key="O-W"/>
    <bind actionName="cut-to-clipboard" key="CUT"/>
    <bind actionName="cut-to-line-begin" key="O-0$O-K"/>
    <bind actionName="cut-to-line-end" key="O-K"/>
    <bind actionName="delete-next" key="DELETE"/>
    <bind actionName="delete-next" key="O-D"/>
    <bind actionName="delete-previous" key="O-BACK_SPACE"/>
    <bind actionName="delete-previous" key="BACK_SPACE"/>
    <bind actionName="documentation-show" key="SO-SPACE"/>
    <bind actionName="expand-all-folds" key="SO-ADD"/>
    <bind actionName="expand-all-folds" key="SO-PLUS"/>
    <bind actionName="expand-all-folds" key="SO-EQUALS"/>
    <bind actionName="expand-fold" key="O-PLUS"/>
    <bind actionName="expand-fold" key="O-EQUALS"/>
    <bind actionName="expand-fold" key="O-ADD"/>
    <bind actionName="find" key="FIND"/>
    <bind actionName="find-next" key="D-S"/>
    <bind actionName="find-next" key="F3"/>
    <bind actionName="find-previous" key="S-F3"/>
    <bind actionName="format" key="SD-F"/>
    <bind actionName="goto" key="D-G$D-G"/>
    <bind actionName="goto" key="D-G$G"/>
    <bind actionName="goto-declaration" key="O-PERIOD"/>
    <bind actionName="goto-declaration" key="DO-G"/>
    <bind actionName="insert-break" key="ENTER"/>
    <bind actionName="insert-tab" key="O-Q$TAB"/>
    <bind actionName="page-down" key="O-V"/>
    <bind actionName="page-down" key="PAGE_DOWN"/>
    <bind actionName="page-down" key="D-DOWN"/>
    <bind actionName="page-up" key="PAGE_UP"/>
    <bind actionName="page-up" key="D-UP"/>
    <bind actionName="paste-from-clipboard" key="O-Y"/>
    <bind actionName="paste-from-clipboard" key="D-V"/>
    <bind actionName="paste-from-clipboard" key="S-INSERT"/>
    <bind actionName="paste-from-clipboard" key="PASTE"/>
    <bind actionName="redo" key="SO-Z"/>
    <bind actionName="redo" key="D-Y"/>
    <bind actionName="redo" key="SA-MINUS"/>
    <bind actionName="reindent-line" key="TAB"/>
    <bind actionName="remove-line" key="D-D"/>
    <bind actionName="remove-tab" key="S-TAB"/>
    <bind actionName="replace" key="SO-5"/>
    <bind actionName="scroll-down" key="O-UP"/>
    <bind actionName="scroll-up" key="O-DOWN"/>
    <bind actionName="select-all" key="O-X$H"/>
    <bind actionName="selection-backward" key="S-LEFT"/>
    <bind actionName="selection-begin" key="SO-HOME"/>
    <bind actionName="selection-begin-line" key="S-HOME"/>
    <bind actionName="selection-down" key="S-DOWN"/>
    <bind actionName="selection-end" key="SO-END"/>
    <bind actionName="selection-end-line" key="S-END"/>
    <bind actionName="selection-forward" key="S-RIGHT"/>
    <bind actionName="selection-next-word" key="SO-RIGHT"/>
    <bind actionName="selection-page-down" key="S-PAGE_DOWN"/>
    <bind actionName="selection-page-up" key="S-PAGE_UP"/>
    <bind actionName="selection-previous-word" key="SO-LEFT"/>
    <bind actionName="selection-up" key="S-UP"/>
    <bind actionName="shift-line-left" key="O-0$O-X$TAB"/>
    <bind actionName="shift-line-right" key="O-X$TAB"/>
    <bind actionName="split-line" key="O-ENTER"/>
    <bind actionName="start-macro-recording" key="O-X$S-9"/>
    <bind actionName="start-new-line" key="S-ENTER"/>
    <bind actionName="stop-macro-recording" key="O-X$S-0"/>
    <bind actionName="to-lower-case" key="O-X$O-L"/>
    <bind actionName="to-upper-case" key="O-X$O-U"/>
    <bind actionName="toggle-case-identifier-begin" key="O-C"/>
    <bind actionName="toggle-typing-mode" key="INSERT"/>
    <bind actionName="tooltip-show" key="D-P"/>
    <bind actionName="uncomment" key="O-0$O-C$O-C"/>
    <bind actionName="undo" key="O-X$U"/>
    <bind actionName="undo" key="D-Z"/>
    <bind actionName="undo" key="UNDO"/>
    <bind actionName="word-match-next" key="O-SLASH"/>
</bindings>
