<keymap version="1" name="my Eclipse (Mac OS X) " parent="Eclipse (Mac OS X)">
  <action id="$Paste">
    <keyboard-shortcut first-keystroke="meta v" />
    <keyboard-shortcut first-keystroke="ctrl y" />
  </action>
  <action id="ActivateVersionControlToolWindow">
    <keyboard-shortcut first-keystroke="shift meta 9" />
  </action>
  <action id="Arrangement.Alias.Rule.Remove">
    <keyboard-shortcut first-keystroke="delete" />
    <keyboard-shortcut first-keystroke="back_space" />
    <keyboard-shortcut first-keystroke="meta back_space" />
  </action>
  <action id="Arrangement.Rule.Remove">
    <keyboard-shortcut first-keystroke="delete" />
    <keyboard-shortcut first-keystroke="back_space" />
    <keyboard-shortcut first-keystroke="meta back_space" />
  </action>
  <action id="ChooseRunConfiguration">
    <keyboard-shortcut first-keystroke="ctrl r" />
  </action>
  <action id="Debugger.RemoveArrayFilter">
    <keyboard-shortcut first-keystroke="delete" />
    <keyboard-shortcut first-keystroke="back_space" />
    <keyboard-shortcut first-keystroke="meta back_space" />
  </action>
  <action id="Debugger.RemoveCustomField">
    <keyboard-shortcut first-keystroke="delete" />
    <keyboard-shortcut first-keystroke="back_space" />
    <keyboard-shortcut first-keystroke="meta back_space" />
  </action>
  <action id="DomElementsTreeView.DeleteElement">
    <keyboard-shortcut first-keystroke="delete" />
    <keyboard-shortcut first-keystroke="back_space" />
    <keyboard-shortcut first-keystroke="meta back_space" />
  </action>
  <action id="Editor Paste">
    <keyboard-shortcut first-keystroke="ctrl y" />
  </action>
  <action id="EditorBackSpace">
    <keyboard-shortcut first-keystroke="back_space" />
    <keyboard-shortcut first-keystroke="shift back_space" />
    <keyboard-shortcut first-keystroke="ctrl h" />
  </action>
  <action id="EditorDelete">
    <keyboard-shortcut first-keystroke="delete" />
    <keyboard-shortcut first-keystroke="ctrl d" />
  </action>
  <action id="EditorMatchBrace" />
  <action id="Find">
    <keyboard-shortcut first-keystroke="meta f" />
  </action>
  <action id="FindInPath" />
  <action id="FixDocComment">
    <keyboard-shortcut first-keystroke="ctrl meta j" />
  </action>
  <action id="GotoImplementation">
    <keyboard-shortcut first-keystroke="shift ctrl b" />
  </action>
  <action id="GotoTest">
    <keyboard-shortcut first-keystroke="meta 9" />
  </action>
  <action id="Graph.Delete">
    <keyboard-shortcut first-keystroke="delete" />
    <keyboard-shortcut first-keystroke="back_space" />
    <keyboard-shortcut first-keystroke="meta back_space" />
  </action>
  <action id="HideAllWindows">
    <keyboard-shortcut first-keystroke="shift meta f12" />
    <keyboard-shortcut first-keystroke="ctrl m" />
  </action>
  <action id="IntroduceVariable">
    <keyboard-shortcut first-keystroke="meta alt l" />
    <keyboard-shortcut first-keystroke="ctrl meta l" />
  </action>
  <action id="ParameterInfo">
    <keyboard-shortcut first-keystroke="shift meta space" />
  </action>
  <action id="PropertyInspectorActions.RemoveProperty">
    <keyboard-shortcut first-keystroke="delete" />
    <keyboard-shortcut first-keystroke="back_space" />
    <keyboard-shortcut first-keystroke="meta back_space" />
  </action>
  <action id="Rerun">
    <keyboard-shortcut first-keystroke="ctrl meta r" />
  </action>
  <action id="RerunTests">
    <keyboard-shortcut first-keystroke="ctrl meta t" />
  </action>
  <action id="RunDashboard.RemoveConfiguration">
    <keyboard-shortcut first-keystroke="delete" />
    <keyboard-shortcut first-keystroke="back_space" />
    <keyboard-shortcut first-keystroke="meta back_space" />
  </action>
  <action id="RunDashboard.UngroupConfigurations">
    <keyboard-shortcut first-keystroke="delete" />
    <keyboard-shortcut first-keystroke="back_space" />
    <keyboard-shortcut first-keystroke="meta back_space" />
  </action>
  <action id="TodoViewGroupByFlattenPackage" />
  <action id="Vcs.ShowMessageHistory">
    <keyboard-shortcut first-keystroke="meta e" />
  </action>
  <action id="XDebugger.RemoveWatch">
    <keyboard-shortcut first-keystroke="delete" />
    <keyboard-shortcut first-keystroke="back_space" />
    <keyboard-shortcut first-keystroke="meta back_space" />
  </action>
</keymap>