<keymap version="1" name="my Emacs" parent="Emacs">
  <action id="$Redo">
    <keyboard-shortcut first-keystroke="shift ctrl z" />
    <keyboard-shortcut first-keystroke="shift alt minus" />
    <keyboard-shortcut first-keystroke="shift meta z" />
  </action>
  <action id="$Undo">
    <keyboard-shortcut first-keystroke="shift ctrl minus" />
    <keyboard-shortcut first-keystroke="ctrl slash" />
    <keyboard-shortcut first-keystroke="meta z" />
  </action>
  <action id="CompileDirty">
    <keyboard-shortcut first-keystroke="ctrl f9" />
    <keyboard-shortcut first-keystroke="meta b" />
  </action>
  <action id="Editor Redo">
    <keyboard-shortcut first-keystroke="shift meta z" />
  </action>
  <action id="Editor Undo">
    <keyboard-shortcut first-keystroke="meta z" />
  </action>
</keymap>